"Chapter","Status","Files"
"1","成功","D:\wo de jiang zhang\创世记灵修笔记\从圣经神学视角看创世记\第一章：起初的国度.docx"
"2","成功","D:\wo de jiang zhang\创世记灵修笔记\从圣经神学视角看创世记\第二章：起初的圣约：人与神关系的起点.docx"
"3","成功","D:\wo de jiang zhang\创世记灵修笔记\从圣经神学视角看创世记\第三章：从堕落到应许.docx"
"4","成功","D:\wo de jiang zhang\创世记灵修笔记\从圣经神学视角看创世记\第四章：后裔之争：两个群体的形成.docx"
"5","成功","D:\wo de jiang zhang\创世记灵修笔记\从圣经神学视角看创世记\第五章：生命的传承.docx"
"6","成功","D:\wo de jiang zhang\创世记灵修笔记\从圣经神学视角看创世记\第六章：洪水中的圣约.docx"
"7","成功","D:\wo de jiang zhang\创世记灵修笔记\从圣经神学视角看创世记\第七章：洪水中的方舟.docx"
"8","成功","D:\wo de jiang zhang\创世记灵修笔记\从圣经神学视角看创世记\第八章：洪水后的新创造.docx"
"9","成功","D:\wo de jiang zhang\创世记灵修笔记\从圣经神学视角看创世记\第九章：彩虹之约：普遍恩典的确立 1-17节.docx | D:\wo de jiang zhang\创世记灵修笔记\从圣经神学视角看创世记\第九章：新世界中的旧罪人  18-29节.docx"
"10","成功","D:\wo de jiang zhang\创世记灵修笔记\从圣经神学视角看创世记\第十章：万国之中，神仍掌权.docx"
"11","成功","D:\wo de jiang zhang\创世记灵修笔记\从圣经神学视角看创世记\第十一章：人的名与神的名.docx | D:\wo de jiang zhang\创世记灵修笔记\从圣经神学视角看创世记\第十一章：当人的道路走到尽头时——神的应许仍然向前.docx"
"12","成功","D:\wo de jiang zhang\创世记灵修笔记\从圣经神学视角看创世记\第十二章：亚伯拉罕之约的开启.docx"
"13","成功","D:\wo de jiang zhang\创世记灵修笔记\从圣经神学视角看创世记\第十三章：凭眼见而活，还是凭应许而活.docx"
"14","成功","D:\wo de jiang zhang\创世记灵修笔记\从圣经神学视角看创世记\第十四章：得胜、祝福与选择.docx"
"15","成功","D:\wo de jiang zhang\创世记灵修笔记\从圣经神学视角看创世记\第十五章：在等候中坚信神的应许.docx"
